qgis_prospect_layer,qgis_prospect_feature_id,qgis_layer,#_of_intersections,qgis_feature_id,ACTION_DTT,CIRCUIT1,CIRCUIT2,GDO_GID,OBJECTID_12,OPERATING_,ROUTE_ASSE,STATUS,Towers_In,class,endNode,fictitious,fid,formOfWay,function,identifier,length,loop,name1,name1_lang,name2,name2_lang,nameTOID,numberTOID,primary_,roadNumber,startNode,trunkRoad,bua22cd,bua22nm,bua22nmw
prospect_layer,0,AC6 Roads — ac6_test__featureclasstofeatureclass_infrastructure_roadlink,1,3987,,,,,3987,,,,,Classified Unnumbered,D142CE83-8111-443B-964B-6C842783E1F8,false,3987,Single Carriageway,Minor Road,00667280-75E5-4328-AF70-775B050E79A3,120.0,false,Wood Bank,,,,osgb4000000012561034,,false,,A0D77001-69DD-40DE-8151-1005844B5CC8,false,,,
prospect_layer,0,AC6 Roads — ac6_test__featureclasstofeatureclass_infrastructure_roadlink,1,3981,,,,,3981,,,,,Unclassified,3E4B41FC-ACB2-499B-B5E1-4D699CE7D4D0,false,3981,Single Carriageway,Local Road,D6271FB8-915A-4DC2-A5A8-75504B83709B,103.0,false,,,,,,,false,,5C5FED73-2F0D-42C4-8B20-9A7E03D72F3D,false,,,
prospect_layer,0,AC6 Roads — ac6_test__featureclasstofeatureclass_infrastructure_roadlink,1,3998,,,,,3998,,,,,Unclassified,09C97645-130E-4DC0-AF4F-8FB8A2DF6724,false,3998,Single Carriageway,Local Road,49F938F2-6567-4B67-BC73-20D2D19B02F8,40.0,false,Maes Bodaelog,,,,osgb4000000012570643,,false,,A0D77001-69DD-40DE-8151-1005844B5CC8,false,,,
prospect_layer,0,AC6 Roads — ac6_test__featureclasstofeatureclass_infrastructure_roadlink,1,4005,,,,,4005,,,,,B Road,7906E7AA-CB7E-415C-B725-705647179693,false,4005,Single Carriageway,B Road,B4A40935-B63C-46D0-A976-78AABABB0FC5,528.0,false,Tan Y Fedw,,,,osgb4000000012561035,osgb4000000012519442,false,B5106,02B5DFC6-1EC2-47BB-805E-700A0BF80DA0,false,,,
prospect_layer,0,AC6 Roads — ac6_test__featureclasstofeatureclass_infrastructure_roadlink,2,4043,,,,,4043,,,,,Classified Unnumbered,430F9A58-95FC-4CA0-8B0D-C42D192F51FF,false,4043,Single Carriageway,Minor Road,952F7573-D1F6-4333-9254-C60966F6EE30,850.0,false,,,,,,,false,,3C3C897A-DFF4-4540-AC11-25270F885926,false,,,
prospect_layer,0,AC6 Roads — ac6_test__featureclasstofeatureclass_infrastructure_roadlink,1,4046,,,,,4046,,,,,A Road,3567F1A7-5C54-4F8C-9BD7-461F414D4975,false,4046,Single Carriageway,A Road,0530680B-7609-4D91-8A69-A911AED0A9FF,425.0,false,,,,,,osgb4000000013545073,false,A548,D1B554EF-6F74-4136-842B-5E337D6E6E94,false,,,
prospect_layer,0,AC6 Roads — ac6_test__featureclasstofeatureclass_infrastructure_roadlink,1,4048,,,,,4048,,,,,Classified Unnumbered,BC6A2C38-C516-471C-A997-C8315FC7D211,false,4048,Single Carriageway,Minor Road,BD877B60-F4D4-4CC9-A5F1-51D2B9D1634D,490.0,false,,,,,,,false,,15E6E3EE-CEEA-4AB7-A49C-40FBDE48440F,false,,,
prospect_layer,0,AC6 Roads — ac6_test__featureclasstofeatureclass_infrastructure_roadlink,1,4057,,,,,4057,,,,,B Road,7E28D67E-8016-4797-847B-2B0CE7F6093F,false,4057,Single Carriageway,B Road,E614A852-428C-4EB1-AFE2-B828D9739D9D,1052.0,false,,,,,,osgb4000000012519462,false,B5113,095503CC-9423-4EE7-A670-D83E3CA7815F,false,,,
prospect_layer,0,AC6 Roads — ac6_test__featureclasstofeatureclass_infrastructure_roadlink,1,4062,,,,,4062,,,,,Unclassified,427B6D59-0974-453B-AAF6-59AC86A10C11,false,4062,Single Carriageway,Restricted Local Access Road,B0B76A31-3E62-45F4-9A65-F12A0282C0BB,120.0,false,,,,,,,false,,73068695-B743-4561-A117-15F77BD143C6,false,,,
prospect_layer,0,AC6 Roads — ac6_test__featureclasstofeatureclass_infrastructure_roadlink,2,4071,,,,,4071,,,,,Classified Unnumbered,6A0BA50C-C933-4E04-92EA-D804008E1EE0,false,4071,Single Carriageway,Minor Road,EE7550E6-6C69-4444-92DB-12F6FE18656B,1464.0,false,,,,,,,false,,701C5D70-D181-41C9-AEC2-8CDF246266E4,false,,,
prospect_layer,0,AC6 Roads — ac6_test__featureclasstofeatureclass_infrastructure_roadlink,1,8239,,,,,8239,,,,,Unknown,8365A7A7-C791-4DEB-A8C0-3CA36EDA3F2E,false,8239,Single Carriageway,Restricted Local Access Road,FA0760A5-C5E5-4F0A-8632-96DD1EC1B64A,1209.0,false,,,,,,,false,,A9D9B380-6569-4C39-9E7C-E423896AD622,false,,,
prospect_layer,0,AC6 Roads — ac6_test__featureclasstofeatureclass_infrastructure_roadlink,1,4011,,,,,4011,,,,,Unknown,4C0031F7-11CE-4836-AC3E-47C3B6814A60,false,4011,Single Carriageway,Restricted Local Access Road,DC7FC7DD-A518-46D6-9256-9CD27F95F76A,62.0,false,,,,,,,false,,3797CE57-D8DD-451E-8B14-C05893433F82,false,,,
prospect_layer,0,AC6 Roads — ac6_test__featureclasstofeatureclass_infrastructure_roadlink,2,4015,,,,,4015,,,,,Unclassified,EEDC452A-52FA-4408-8BA9-123189F08169,false,4015,Single Carriageway,Minor Road,989162E1-10A8-405E-A97F-FEDC69DE01D3,521.0,false,,,,,,,false,,3797CE57-D8DD-451E-8B14-C05893433F82,false,,,
prospect_layer,0,AC6 Roads — ac6_test__featureclasstofeatureclass_infrastructure_roadlink,1,4009,,,,,4009,,,,,Classified Unnumbered,E8BC47A0-3251-46AE-A63C-E38454D009AE,false,4009,Single Carriageway,Minor Road,4C60B2D9-02DF-4355-BCF4-611C6F2DA3D5,581.0,false,,,,,,,false,,EEDC452A-52FA-4408-8BA9-123189F08169,false,,,
prospect_layer,0,AC6 Roads — ac6_test__featureclasstofeatureclass_infrastructure_roadlink,1,4012,,,,,4012,,,,,Unclassified,1C71BF7C-F333-46F0-8289-6ED3EFFB3C57,false,4012,Single Carriageway,Local Road,A690670A-F726-4160-BFAC-50E61B195812,158.0,false,Ffordd Bryn Saith,,,,osgb4000000012545217,,false,,E0D381FC-CEB3-429D-A881-E57DE4951823,false,,,
prospect_layer,0,AC6 Roads — ac6_test__featureclasstofeatureclass_infrastructure_roadlink,1,4016,,,,,4016,,,,,Not Classified,5AA37B3D-67E6-412B-AB06-9CC31D8665B0,false,4016,Single Carriageway,Restricted Local Access Road,5E651857-7E8F-499B-9E78-F978A6D7EF3A,104.0,false,,,,,,,false,,6EE29638-6196-4889-ABC1-FF6875966EC0,false,,,
prospect_layer,0,AC6 Roads — ac6_test__featureclasstofeatureclass_infrastructure_roadlink,1,4063,,,,,4063,,,,,A Road,73068695-B743-4561-A117-15F77BD143C6,false,4063,Single Carriageway,A Road,FB25F450-B567-4363-9E83-D7F0A90AF5CA,787.0,false,,,,,,osgb4000000013545073,false,A548,F44B1519-CABC-4E61-98FB-3BCC3364074F,false,,,
prospect_layer,0,AC6 Roads — ac6_test__featureclasstofeatureclass_infrastructure_roadlink,1,4064,,,,,4064,,,,,Not Classified,427B6D59-0974-453B-AAF6-59AC86A10C11,false,4064,Single Carriageway,Restricted Local Access Road,91E949D4-B3E8-48ED-9A7D-814F15339CFC,1466.0,false,,,,,,,false,,7EBCCAEB-BB40-442C-8F5B-D0C94BCA24B1,false,,,
prospect_layer,0,AC6 Roads — ac6_test__featureclasstofeatureclass_infrastructure_roadlink,1,4321,,,,,4321,,,,,A Road,F44B1519-CABC-4E61-98FB-3BCC3364074F,false,4321,Single Carriageway,A Road,5A13FD1F-B8DE-446E-BD41-3DD6BB3328A0,598.0,false,,,,,,osgb4000000013545073,false,A548,807C1323-7E82-4662-95A2-483D7314F4CF,false,,,
prospect_layer,0,AC6 Roads — ac6_test__featureclasstofeatureclass_infrastructure_roadlink,1,19381,,,,,19381,,,,,Unknown,6657B1DA-C6BD-4EB7-952F-167A9AB1A92D,false,19381,Single Carriageway,Restricted Local Access Road,9561D948-FAAD-4E5B-A29B-7F6F865C2410,1898.0,false,,,,,,,false,,8E647336-DCDB-4489-A566-9A708D983285,false,,,
prospect_layer,0,AC6 Roads — ac6_test__featureclasstofeatureclass_infrastructure_roadlink,1,19391,,,,,19391,,,,,Unknown,A217BD5C-ED97-4707-8282-71FCD8A59FBF,false,19391,Single Carriageway,Restricted Local Access Road,A04D3780-17FB-4BB7-8C16-0754C1E31ADD,1175.0,false,,,,,,,false,,FFF8B733-52F1-4161-B387-93A85DEF5CE1,false,,,
prospect_layer,0,AC6 Roads — ac6_test__featureclasstofeatureclass_infrastructure_roadlink,1,19176,,,,,19176,,,,,Unclassified,74424DCC-8F36-4C03-9683-7EFCB5B20FF3,false,19176,Single Carriageway,Minor Road,686E42E0-18A7-4A04-AE5B-B3BC61A70197,367.0,false,,,,,,,false,,1D1C5CBB-01AA-4F49-97D7-0BC3FE7A3692,false,,,
prospect_layer,0,AC6 Roads — ac6_test__featureclasstofeatureclass_infrastructure_roadlink,1,19318,,,,,19318,,,,,Classified Unnumbered,78C51FC9-2E6F-4807-8BDE-FDA2368FC3C8,false,19318,Single Carriageway,Minor Road,B129E4E0-B9C8-4A9D-8F37-2903B4C3059C,414.0,false,,,,,,,false,,20E9DA2D-C810-4E0D-B38C-C9CD152F0FF1,false,,,
prospect_layer,0,AC6 Roads — ac6_test__featureclasstofeatureclass_infrastructure_roadlink,1,19071,,,,,19071,,,,,A Road,90CF7726-B1E1-497F-9194-9191DA24BCA7,false,19071,Single Carriageway,A Road,03902B7D-E50B-4EE1-AB62-81EC0E49F9E5,3526.0,false,,,,,,osgb4000000012511538,true,A487,FC05F83D-B080-4C98-891B-8E98EF90F070,true,,,
prospect_layer,0,AC6 Roads — ac6_test__featureclasstofeatureclass_infrastructure_roadlink,1,19177,,,,,19177,,,,,Classified Unnumbered,A06145E8-3CDF-4774-97E0-0A6522A50816,false,19177,Single Carriageway,Minor Road,735C45F1-3822-4143-8C4E-045B5B941AC3,140.0,false,,,,,,,false,,A3F9EFAC-BA88-47A9-8475-19281190C97E,false,,,
prospect_layer,0,AC6 Roads — ac6_test__featureclasstofeatureclass_infrastructure_roadlink,2,19100,,,,,19100,,,,,Unclassified,D2FAB5DD-07B2-4C12-A07A-115A603B459D,false,19100,Single Carriageway,Local Road,FC829991-5A62-4C36-9E27-2620B016A93D,87.0,false,,,,,,,false,,6359C907-C6CA-4C09-A75C-88D2E3D21170,false,,,
prospect_layer,0,AC6 Roads — ac6_test__featureclasstofeatureclass_infrastructure_roadlink,1,19101,,,,,19101,,,,,Unclassified,3688C96A-CD6E-4015-925F-BC2356AA8372,false,19101,Single Carriageway,Local Road,6FB57B3C-D7EB-46E4-A065-8870DB14CBAC,84.0,false,,,,,,,false,,D2FAB5DD-07B2-4C12-A07A-115A603B459D,false,,,
prospect_layer,0,AC6 Roads — ac6_test__featureclasstofeatureclass_infrastructure_roadlink,1,14334,,,,,14334,,,,,Classified Unnumbered,C38A6213-589B-418A-836A-2E2B62C1E3E4,false,14334,Single Carriageway,Minor Road,755229AB-6352-4823-90D5-5A923134341E,513.0,false,Ffordd Clegir,,,,osgb4000000012545082,,false,,B9AC871B-57CF-4115-AA54-399710DBE90F,false,,,
prospect_layer,0,AC6 Roads — ac6_test__featureclasstofeatureclass_infrastructure_roadlink,1,14337,,,,,14337,,,,,A Road,AE5AACDE-06D2-4CC4-8AE1-BF10D5DC6475,false,14337,Single Carriageway,A Road,6E689242-3109-473B-A43F-1A2024EAD20A,634.0,false,,,,,,osgb4000000012519440,false,A4086,68F77C22-8B12-4F1C-A6AA-820A534050FF,false,,,
prospect_layer,0,AC6 Roads — ac6_test__featureclasstofeatureclass_infrastructure_roadlink,1,14338,,,,,14338,,,,,Unknown,F5C35808-570D-4A0B-8BE2-633143C3DDB4,false,14338,Single Carriageway,Local Access Road,CACC4906-5E2E-4004-872C-7CE4A76F8488,199.0,false,,,,,,,false,,5E81E191-9577-4569-A59A-0A64EA2EB72D,false,,,
prospect_layer,0,AC6 Roads — ac6_test__featureclasstofeatureclass_infrastructure_roadlink,1,14341,,,,,14341,,,,,Unknown,429CE5FF-158B-4B1F-ADAE-8BC7A909AE75,false,14341,Single Carriageway,Local Road,EADA915E-915C-4ED3-999F-F00C4B806494,102.0,false,,,,,,,false,,F5C35808-570D-4A0B-8BE2-633143C3DDB4,false,,,
prospect_layer,0,AC6 Roads — ac6_test__featureclasstofeatureclass_infrastructure_roadlink,1,14395,,,,,14395,,,,,Unclassified,99F2CC58-9678-4A02-9BFD-6C7F6104B98F,false,14395,Single Carriageway,Local Road,113BDDE6-B298-4796-94DC-A75A7429E018,338.0,false,,,,,,,false,,719B8BE2-99AC-48AF-8536-27E7646D5AF4,false,,,
prospect_layer,0,AC6 Roads — ac6_test__featureclasstofeatureclass_infrastructure_roadlink,1,9011,,,,,9011,,,,,Unknown,AB529E39-6B66-4288-8803-BADDDB15CC2A,false,9011,Single Carriageway,Restricted Local Access Road,917182F5-E941-43A7-9D27-3AADA113A0BF,493.0,false,,,,,,,false,,30FAF725-F84C-4DB0-ADEB-BB22B249AB9C,false,,,
prospect_layer,0,AC6 Roads — ac6_test__featureclasstofeatureclass_infrastructure_roadlink,1,9023,,,,,9023,,,,,Unknown,F5487258-54DD-4649-AFBE-ECF0D0B1D6FC,false,9023,Single Carriageway,Restricted Local Access Road,D9F2322C-127C-49D1-8B83-CAE20DD5DCBC,133.0,false,,,,,,,false,,30FAF725-F84C-4DB0-ADEB-BB22B249AB9C,false,,,
prospect_layer,0,AC6 Roads — ac6_test__featureclasstofeatureclass_infrastructure_roadlink,1,9028,,,,,9028,,,,,Unclassified,06E1EE07-67B2-4517-9729-D1FCB2C89AEC,false,9028,Single Carriageway,Local Road,A8DE12AA-95EA-43C6-A2A0-3076066E33AB,319.0,false,,,,,,,false,,1CBB873E-7520-4812-ADE9-14F728B3047F,false,,,
prospect_layer,0,AC6 Roads — ac6_test__featureclasstofeatureclass_infrastructure_roadlink,1,9034,,,,,9034,,,,,Unknown,8AB8B133-4715-4A63-BA94-B32D716943C3,false,9034,Single Carriageway,Restricted Local Access Road,777AA42E-D957-4DEF-936B-004F610BB114,2859.0,false,,,,,,,false,,826387AE-0338-498F-9D0C-EFE550452F3F,false,,,
prospect_layer,0,AC6 Roads — ac6_test__featureclasstofeatureclass_infrastructure_roadlink,1,8353,,,,,8353,,,,,A Road,3C9C3E1D-900A-40A1-BE77-525A38C67C8D,false,8353,Single Carriageway,A Road,51A5D525-ABC9-4104-A3FB-384816C868A6,4001.0,false,,,,,,osgb4000000018085525,true,A5,7D5011C1-485E-4C1F-A4B4-B37AD16B576E,true,,,
prospect_layer,0,AC6 Roads — ac6_test__featureclasstofeatureclass_infrastructure_roadlink,1,8329,,,,,8329,,,,,Classified Unnumbered,40440B73-3C15-4F56-897C-7774B62EEA34,false,8329,Single Carriageway,Minor Road,99581251-C88A-407F-A733-2496F3332C55,4018.0,false,,,,,,,false,,F35EDDED-DE34-4686-AAD5-EBE050C895DE,false,,,
prospect_layer,0,AC6 Roads — ac6_test__featureclasstofeatureclass_infrastructure_roadlink,1,8298,,,,,8298,,,,,Unknown,575B0E10-1EBF-4DA2-9A2E-2B03B0FFE6C4,false,8298,Single Carriageway,Restricted Local Access Road,F6206759-CD88-47D3-9108-69D15A83EC38,2527.0,false,,,,,,,false,,92640CED-6646-4A76-99CD-253628B782E0,false,,,
prospect_layer,0,AC6 Roads — ac6_test__featureclasstofeatureclass_infrastructure_roadlink,1,4160,,,,,4160,,,,,Classified Unnumbered,08494455-8634-40DC-8365-882DDB9A0D7F,false,4160,Single Carriageway,Minor Road,DC62CFEC-CB10-44DF-A970-40301105B720,658.0,false,,,,,,,false,,C0ED3421-6648-4D64-918A-D0C2B5706D36,false,,,
prospect_layer,0,AC6 Roads — ac6_test__featureclasstofeatureclass_infrastructure_roadlink,1,4105,,,,,4105,,,,,A Road,90C48C43-4324-40AC-B7E1-4E7C79675E8D,false,4105,Single Carriageway,A Road,68432DF3-A589-494D-8B9A-ACFB375C5632,741.0,false,,,,,,osgb4000000013398348,true,A470,4739CEA1-E664-4E5D-8206-1C140BDD4816,true,,,
prospect_layer,0,AC6 Roads — ac6_test__featureclasstofeatureclass_infrastructure_roadlink,1,18801,,,,,18801,,,,,Classified Unnumbered,28D8BAF1-12A6-4229-A116-0C3FF436AB61,false,18801,Single Carriageway,Minor Road,90108DFD-F8E0-4D62-A57C-5B200AB1E7EE,66.0,false,,,,,,,false,,716BFED6-7CA5-4765-8EBA-EDF5EA123B69,false,,,
prospect_layer,0,AC6 Roads — ac6_test__featureclasstofeatureclass_infrastructure_roadlink,1,18668,,,,,18668,,,,,Unclassified,96054CDB-F0D9-41B9-9756-EF1C033FEC0A,false,18668,Single Carriageway,Local Road,9AB42F7E-AB89-459F-87F5-05B80CDF9C7D,96.0,false,Dol Beuno,,,,osgb4000000012564173,,false,,716BFED6-7CA5-4765-8EBA-EDF5EA123B69,false,,,
prospect_layer,0,AC6 Roads — ac6_test__featureclasstofeatureclass_infrastructure_roadlink,1,18671,,,,,18671,,,,,Unclassified,96054CDB-F0D9-41B9-9756-EF1C033FEC0A,false,18671,Single Carriageway,Local Road,8B2A1B75-9593-4223-B990-DA01D1C1B6DF,56.0,false,Dol Beuno,,,,osgb4000000012564173,,false,,3AC8EDA6-7B76-4F2B-A2F8-03D03E6914B9,false,,,
prospect_layer,0,AC6 Roads — ac6_test__featureclasstofeatureclass_infrastructure_roadlink,1,18672,,,,,18672,,,,,A Road,F7F6E975-825E-452E-B0DC-3BB04319F408,false,18672,Single Carriageway,A Road,69053CDD-42C5-4908-945E-832CDCED940B,179.0,false,,,,,,osgb5000005295790828,false,A4871,B26AA16E-6695-45D2-A370-0ABC1FE189DA,false,,,
prospect_layer,0,AC6 Roads — ac6_test__featureclasstofeatureclass_infrastructure_roadlink,1,18682,,,,,18682,,,,,Unclassified,6D0BDEF7-D520-45C3-ACE8-120556C83027,false,18682,Single Carriageway,Local Road,9142E794-B732-4BD3-8EC9-86A3708CF8E8,19.0,false,Llwyn Beuno,,,,osgb4000000012564174,,false,,D7BD1D62-CD0E-47CD-B566-307449A0A032,false,,,
prospect_layer,0,AC6 Roads — ac6_test__featureclasstofeatureclass_infrastructure_roadlink,1,18684,,,,,18684,,,,,Unclassified,6D0BDEF7-D520-45C3-ACE8-120556C83027,false,18684,Single Carriageway,Local Road,71764577-8A26-414F-A873-0902FE006194,15.0,false,Llwyn Beuno,,,,osgb4000000012564174,,false,,09F0DC1D-9801-4BC1-B6ED-73996E41FC4B,false,,,
prospect_layer,0,AC6 Roads — ac6_test__featureclasstofeatureclass_infrastructure_roadlink,1,18692,,,,,18692,,,,,Unclassified,207DC14D-45BC-46B4-A96B-062B7D9C5290,false,18692,Single Carriageway,Local Road,9BD7C5F6-1051-403B-94C2-B20DA14901F8,98.0,false,Llwyn Beuno,,,,osgb4000000012564174,,false,,09F0DC1D-9801-4BC1-B6ED-73996E41FC4B,false,,,
prospect_layer,0,AC6 Roads — ac6_test__featureclasstofeatureclass_infrastructure_roadlink,1,18695,,,,,18695,,,,,Unclassified,7570F434-03B9-4615-82EA-74B44627CF52,false,18695,Single Carriageway,Local Road,3083F761-FC19-457B-9D59-9F408DC98B59,95.0,false,Y Bryn,,,,osgb4000000012564177,,false,,B577016F-9F27-492C-B52E-4085EF2E0486,false,,,
prospect_layer,0,AC6 Roads — ac6_test__featureclasstofeatureclass_infrastructure_roadlink,1,18697,,,,,18697,,,,,Unclassified,9196788E-BDC5-45A5-9C7C-EB4B1061B534,false,18697,Single Carriageway,Minor Road,3439FD59-2B5B-4242-B850-C8E2B88F6D1A,144.0,false,Lon Pandy,,,,osgb5000005252393975,,false,,C540E6F7-0F88-426C-B6D9-A868FD0513F2,false,,,
prospect_layer,0,AC6 Roads — ac6_test__featureclasstofeatureclass_infrastructure_roadlink,1,16934,,,,,16934,,,,,Unclassified,B389CC4C-64BF-4C8B-BCDF-9AE64DFA8F78,false,16934,Single Carriageway,Restricted Local Access Road,55815798-0649-48FC-8469-69367924FB2C,704.0,false,,,,,,,false,,7B61E1DB-9A52-4844-9958-E3C191F55110,false,,,
prospect_layer,0,AC6 Roads — ac6_test__featureclasstofeatureclass_infrastructure_roadlink,1,16717,,,,,16717,,,,,A Road,47357872-4577-4F5C-A86E-2EC136180DDE,false,16717,Single Carriageway,A Road,17D6B673-2419-4F6F-BEF5-AEF6FDE0B6ED,526.0,false,,,,,,osgb4000000012519454,false,A4085,68D2E81C-789C-4FA9-95A5-98181C5183FF,false,,,
prospect_layer,0,AC6 Roads — ac6_test__featureclasstofeatureclass_infrastructure_roadlink,1,16723,,,,,16723,,,,,Classified Unnumbered,C073798F-BD33-4B97-8B2B-A5E194C77016,false,16723,Single Carriageway,Minor Road,3B5F0511-112D-48D5-8BBB-CED3AD1ADCA3,137.0,false,,,,,,,false,,0FCDC712-5540-4694-A78B-0C5CCE80F807,false,,,
prospect_layer,0,AC6 Build up areas — build_up_areas__dwellings,2,126,,,,,,,,,,,,,126,,,,,,,,,,,,,,,,W45000115,Trefriw,
prospect_layer,0,AC6 Build up areas — build_up_areas__dwellings,1,135,,,,,,,,,,,,,135,,,,,,,,,,,,,,,,W45000124,Bontnewydd,
prospect_layer,0,AC6 Build up areas — build_up_areas__dwellings,2,140,,,,,,,,,,,,,140,,,,,,,,,,,,,,,,W45000128,Dinas Dinlle,
prospect_layer,0,AC6 OHL — ohl,1,190,2023-02-24,PENTIR - TRAWSFYNYDD,DISC FOUR CROSSES - PENISARWAUN,10004734.0,,400,000000069968,C,4ZC ROUTE TWR (071 - 140R),,,,190,,,,,,,,,,,,,,,,,,
prospect_layer,1,AC6 Roads — ac6_test__featureclasstofeatureclass_infrastructure_roadlink,1,6166,,,,,6166,,,,,Unknown,90D2248E-AD8B-4E10-8C9E-BB3579D0D839,false,6166,Single Carriageway,Restricted Local Access Road,0945C0BF-3CCF-42F6-A431-B561290017F6,503.0,false,,,,,,,false,,87925CDF-9583-46CD-B465-CC3E473125C8,false,,,
prospect_layer,1,AC6 Roads — ac6_test__featureclasstofeatureclass_infrastructure_roadlink,1,6087,,,,,6087,,,,,Unknown,66EA24F4-1E84-4992-831A-52F95976DC1E,false,6087,Single Carriageway,Restricted Local Access Road,82990F4A-6B79-4AA5-B316-B723C4579F0C,684.0,false,,,,,,,false,,90D2248E-AD8B-4E10-8C9E-BB3579D0D839,false,,,
prospect_layer,1,AC6 Roads — ac6_test__featureclasstofeatureclass_infrastructure_roadlink,1,11825,,,,,11825,,,,,Unclassified,5F88BDCB-62C6-4058-AABE-16B10E03A46A,false,11825,Single Carriageway,Restricted Local Access Road,543681DC-7D78-48FA-BEED-FE5F96D94049,1784.0,false,,,,,,,false,,84034847-1B83-4854-9392-57FB68675993,false,,,
prospect_layer,1,AC6 Roads — ac6_test__featureclasstofeatureclass_infrastructure_roadlink,1,11830,,,,,11830,,,,,A Road,08CC40C0-9F5E-4357-B600-33E1A26C5470,false,11830,Single Carriageway,A Road,413876B1-7636-4029-9529-EA8C1A1A11E8,1859.0,false,,,,,,osgb4000000012519453,false,A498,8FF75C8B-4528-4E68-93BF-9567402D5142,false,,,
prospect_layer,1,AC6 Roads — ac6_test__featureclasstofeatureclass_infrastructure_roadlink,1,6172,,,,,6172,,,,,Unknown,7188B642-8B46-4FED-A914-B788D97D83A4,false,6172,Single Carriageway,Restricted Local Access Road,C5367754-6B92-4098-B6F2-4354D1A350B7,148.0,false,,,,,,,false,,CFAD3C72-D8EF-415C-A9F6-132AEC0CCC15,false,,,
prospect_layer,1,AC6 Roads — ac6_test__featureclasstofeatureclass_infrastructure_roadlink,1,5196,,,,,5196,,,,,Classified Unnumbered,33AF81C4-67E3-463D-8346-9C98DF44431E,false,5196,Single Carriageway,Minor Road,9FC476BE-7283-44DB-B59C-D055DE535962,2150.0,false,,,,,,,false,,A8AB4981-9C19-4E21-9E75-A87B224DB796,false,,,
prospect_layer,1,AC6 Roads — ac6_test__featureclasstofeatureclass_infrastructure_roadlink,1,5347,,,,,5347,,,,,A Road,06356A2B-9031-46BD-BC8F-DBFAC48F7EB0,false,5347,Single Carriageway,A Road,10C4A9C0-8381-4869-806E-EDED6C46E16C,1079.0,false,,,,,,osgb4000000012519451,false,A4212,9D4E169C-D9A5-4F6B-92A1-BF058953613A,false,,,
prospect_layer,1,AC6 Roads — ac6_test__featureclasstofeatureclass_infrastructure_roadlink,1,5656,,,,,5656,,,,,B Road,93687107-9D99-472F-9846-E6B20926E79D,false,5656,Single Carriageway,B Road,B57F6A72-7A24-41AE-BA65-3AF0A8242D4F,2219.0,false,,,,,,osgb4000000012519456,false,B4407,D6C7DD79-CBAD-4575-BC71-54146C8AA0AC,false,,,
prospect_layer,1,AC6 Roads — ac6_test__featureclasstofeatureclass_infrastructure_roadlink,2,5691,,,,,5691,,,,,Unknown,A1DF154E-55EE-4045-B784-4FB3C1EB7EC1,false,5691,Single Carriageway,Restricted Local Access Road,C15CB69E-0872-445C-BBC9-C893C33FC674,4200.0,false,,,,,,,false,,7FCC1182-B24F-42CA-986D-D71BD9D92344,false,,,
prospect_layer,1,AC6 Roads — ac6_test__featureclasstofeatureclass_infrastructure_roadlink,2,5708,,,,,5708,,,,,Unknown,5F74F698-CA4F-4367-9B06-5CC11074C782,false,5708,Single Carriageway,Restricted Local Access Road,F47C3FC4-78F0-4CE1-8CC8-21E6873672F4,769.0,false,,,,,,,false,,3D0ACDB4-70D9-40CB-97F7-01873DF8DBD0,false,,,
prospect_layer,1,AC6 Roads — ac6_test__featureclasstofeatureclass_infrastructure_roadlink,1,5712,,,,,5712,,,,,Unknown,17C12275-CEDD-4DED-8EEE-791A00AA4C16,false,5712,Single Carriageway,Restricted Local Access Road,86E5CFA6-0601-4169-84ED-78A6DFCFC59A,626.0,false,,,,,,,false,,F177F2F8-2E7A-4B83-A95C-DD0AACDDE823,false,,,
prospect_layer,1,AC6 Roads — ac6_test__featureclasstofeatureclass_infrastructure_roadlink,1,6162,,,,,6162,,,,,A Road,84DF6C26-66B9-4374-A728-76157BCD9761,false,6162,Single Carriageway,A Road,88A67986-A7CE-40A8-82FA-645B4CE52ACB,615.0,false,,,,,,osgb4000000013398348,true,A470,13CFE41E-9665-42B4-B23B-87EFD03D399D,true,,,
prospect_layer,1,AC6 Roads — ac6_test__featureclasstofeatureclass_infrastructure_roadlink,1,6168,,,,,6168,,,,,Unknown,3DD262A7-1946-4A00-8391-E200CC37E4E8,false,6168,Single Carriageway,Restricted Local Access Road,D4E19CA5-D27A-4BF1-989D-C519122188B7,100.0,false,,,,,,,false,,36F15DFA-D201-4314-9A20-6790F2020365,false,,,
prospect_layer,1,AC6 Roads — ac6_test__featureclasstofeatureclass_infrastructure_roadlink,1,6085,,,,,6085,,,,,Unknown,9C5ECD75-8FB7-46F1-8CA9-0F7558530016,false,6085,Single Carriageway,Restricted Local Access Road,D0F2EBBC-6B42-4BCD-9E5B-9F05A7A27F08,383.0,false,,,,,,,false,,8AF42D02-7480-4CDC-8889-B6B789009E45,false,,,
prospect_layer,1,AC6 Roads — ac6_test__featureclasstofeatureclass_infrastructure_roadlink,1,27897,,,,,27897,,,,,Unknown,746351AB-E279-4ECB-88D4-C47C5C4997F6,false,27897,Single Carriageway,Restricted Local Access Road,0759A3FC-A158-408E-B612-93065739A371,183.0,false,,,,,,,false,,FD5E3DC3-BEBF-4D67-BB02-81FADFF7CFC2,false,,,
prospect_layer,1,AC6 Roads — ac6_test__featureclasstofeatureclass_infrastructure_roadlink,1,27961,,,,,27961,,,,,Unknown,93C9BC11-070B-4F3E-952D-24AC79ECB5CD,false,27961,Single Carriageway,Restricted Local Access Road,B8902FFE-19C1-4936-BBE5-7622D9DFE8DA,115.0,false,,,,,,,false,,7819AAD1-1A54-48F8-9BED-4CE906C5A353,false,,,
prospect_layer,1,AC6 Roads — ac6_test__featureclasstofeatureclass_infrastructure_roadlink,1,27963,,,,,27963,,,,,A Road,85809F07-B9C2-4758-A73A-48415B93888B,false,27963,Single Carriageway,A Road,6344A776-9002-4A78-8F3F-C56A154A0DB6,378.0,false,,,,,,osgb4000000012519452,false,A499,7819AAD1-1A54-48F8-9BED-4CE906C5A353,false,,,
prospect_layer,1,AC6 Roads — ac6_test__featureclasstofeatureclass_infrastructure_roadlink,1,33048,,,,,33048,,,,,Unclassified,6CADD4E5-E1CF-4B0D-808F-8AD7E66D1137,false,33048,Single Carriageway,Minor Road,BF9680F2-38D6-4EB1-BB86-FA65A1406203,73.0,false,,,,,,,false,,5D8125DF-EE9F-465C-8024-4D658DE155E4,false,,,
prospect_layer,1,AC6 Roads — ac6_test__featureclasstofeatureclass_infrastructure_roadlink,1,33042,,,,,33042,,,,,Unknown,1A2E93CC-C551-4B30-8A65-9BC5BF02170F,false,33042,Single Carriageway,Restricted Local Access Road,CE01AFF5-C89D-4C41-917D-6DEE70663B38,173.0,false,,,,,,,false,,A5EB5FD1-8E62-4DB6-AA39-2B07F4897BB5,false,,,
prospect_layer,1,AC6 Roads — ac6_test__featureclasstofeatureclass_infrastructure_roadlink,1,33043,,,,,33043,,,,,Unclassified,42D9CE02-D756-4501-AEB3-51B2A39BF423,false,33043,Single Carriageway,Minor Road,167C7CCC-B6A6-4BD5-867D-496DAA28CA3F,298.0,false,,,,,,,false,,43174B4C-D751-4DD8-909E-66A5D4D53A35,false,,,
prospect_layer,1,AC6 Roads — ac6_test__featureclasstofeatureclass_infrastructure_roadlink,1,27847,,,,,27847,,,,,Unknown,2FA5ADC1-9A2E-4872-98D4-F752586D3567,false,27847,Single Carriageway,Restricted Local Access Road,E9A0B578-7D6E-42E1-85A9-F176F937528E,48.0,false,,,,,,,false,,1498DAED-A8E2-414B-B031-A8A82720E5FC,false,,,
prospect_layer,1,AC6 Roads — ac6_test__featureclasstofeatureclass_infrastructure_roadlink,1,27848,,,,,27848,,,,,Unknown,1498DAED-A8E2-414B-B031-A8A82720E5FC,false,27848,Single Carriageway,Restricted Local Access Road,CACD2166-9623-4D33-8CBD-9DD24E6A8FF6,142.0,false,,,,,,,false,,0B311AEF-0380-4616-A3E0-94631AD40ECB,false,,,
prospect_layer,1,AC6 Roads — ac6_test__featureclasstofeatureclass_infrastructure_roadlink,1,27849,,,,,27849,,,,,Unknown,E5C2D29F-85E3-4718-A105-6E1D8A47C8F0,false,27849,Single Carriageway,Restricted Local Access Road,BB571128-C098-4C00-A119-4712B6992765,180.0,false,,,,,,,false,,012A07D5-E5FC-4DE4-BF8B-0DC5E0317F7F,false,,,
prospect_layer,1,AC6 Roads — ac6_test__featureclasstofeatureclass_infrastructure_roadlink,1,27824,,,,,27824,,,,,Unclassified,EE38B958-BE23-4991-A6EC-C4C308AEE7AB,false,27824,Single Carriageway,Local Road,86EA6FE0-C5D9-4963-9879-CCFF06797E4E,193.0,false,,,,,,,false,,2B0054E8-397F-4BB1-84A2-50CA4F0D0CA8,false,,,
prospect_layer,1,AC6 Roads — ac6_test__featureclasstofeatureclass_infrastructure_roadlink,1,32927,,,,,32927,,,,,Unclassified,1C584D9B-9AE1-4718-88DE-916EE9CBFEE4,false,32927,Single Carriageway,Local Road,9E75FFDF-3B5C-4DC3-A5F3-A96CA928B409,54.0,false,,,,,,,false,,49EB3176-D470-4C93-A123-6B06BE1A6C3E,false,,,
prospect_layer,1,AC6 Roads — ac6_test__featureclasstofeatureclass_infrastructure_roadlink,1,32929,,,,,32929,,,,,Classified Unnumbered,8B699756-1014-4609-AFBD-FCC36DEED4B9,false,32929,Single Carriageway,Minor Road,2DA2C274-CB0F-48FB-A001-DF08FCA4B661,434.0,false,,,,,,,false,,FE6202D3-1F6F-417C-94C3-1D22A7AA8A3D,false,,,
prospect_layer,1,AC6 Roads — ac6_test__featureclasstofeatureclass_infrastructure_roadlink,1,32936,,,,,32936,,,,,B Road,49EB3176-D470-4C93-A123-6B06BE1A6C3E,false,32936,Single Carriageway,B Road,C0390738-9E9D-41FA-97FB-79EEA35B6DB3,121.0,false,,,,,,osgb4000000012519449,false,B4413,71693053-9C60-424B-9556-0B6D4E5128BF,false,,,
prospect_layer,1,AC6 Roads — ac6_test__featureclasstofeatureclass_infrastructure_roadlink,1,9397,,,,,9397,,,,,A Road,E6AF4B53-3384-456C-B43D-C00FD374EBD0,false,9397,Collapsed Dual Carriageway,A Road,5757F335-7D4C-4CC0-A25D-E72B90532E69,1923.0,false,,,,,,osgb4000000012519443,true,A55,2426D662-12CF-4C24-B04D-208EB40CD39C,true,,,
prospect_layer,1,AC6 Roads — ac6_test__featureclasstofeatureclass_infrastructure_roadlink,1,9407,,,,,9407,,,,,Unknown,A9884AFA-CD4D-4FF6-8EDA-947BBD47EAD7,false,9407,Single Carriageway,Restricted Local Access Road,10DE9B75-866C-4975-B229-E36A75633DFA,289.0,false,,,,,,,false,,BBFBD2A0-6E66-4308-A038-A7AFA63C47D6,false,,,
prospect_layer,1,AC6 Roads — ac6_test__featureclasstofeatureclass_infrastructure_roadlink,1,9354,,,,,9354,,,,,Unclassified,A93FBC77-3A36-43CB-8265-E7E3D9013223,false,9354,Single Carriageway,Restricted Local Access Road,1ABBA9EA-F557-4DAF-A83F-00C167E84BBB,77.0,false,,,,,,,false,,2EDEAE12-D862-437E-9881-4E553DE82F8A,false,,,
prospect_layer,1,AC6 Roads — ac6_test__featureclasstofeatureclass_infrastructure_roadlink,1,9356,,,,,9356,,,,,Unclassified,9D3BBB38-7F8A-437B-B39A-13BE1C817755,false,9356,Single Carriageway,Minor Road,EC75ACE0-0544-4F4A-A3F7-E61D653B61F6,643.0,false,,,,,,,false,,A93FBC77-3A36-43CB-8265-E7E3D9013223,false,,,
prospect_layer,1,AC6 Roads — ac6_test__featureclasstofeatureclass_infrastructure_roadlink,1,8740,,,,,8740,,,,,A Road,391052DD-EAAA-4F0F-9A06-8299DFAFB8A7,false,8740,Single Carriageway,A Road,CE51ABFB-F1EA-43DD-8784-CCBDF32635CD,1092.0,false,,,,,,osgb4000000012519440,false,A4086,7A43FEF0-4B55-4F83-9FD0-1DF9D6CC01AE,false,,,
prospect_layer,1,AC6 Roads — ac6_test__featureclasstofeatureclass_infrastructure_roadlink,1,8353,,,,,8353,,,,,A Road,3C9C3E1D-900A-40A1-BE77-525A38C67C8D,false,8353,Single Carriageway,A Road,51A5D525-ABC9-4104-A3FB-384816C868A6,4001.0,false,,,,,,osgb4000000018085525,true,A5,7D5011C1-485E-4C1F-A4B4-B37AD16B576E,true,,,
prospect_layer,1,AC6 Roads — ac6_test__featureclasstofeatureclass_infrastructure_roadlink,1,8329,,,,,8329,,,,,Classified Unnumbered,40440B73-3C15-4F56-897C-7774B62EEA34,false,8329,Single Carriageway,Minor Road,99581251-C88A-407F-A733-2496F3332C55,4018.0,false,,,,,,,false,,F35EDDED-DE34-4686-AAD5-EBE050C895DE,false,,,
prospect_layer,1,AC6 Roads — ac6_test__featureclasstofeatureclass_infrastructure_roadlink,1,15043,,,,,15043,,,,,A Road,3D537075-9168-4EE4-B59A-F0CF0735F517,false,15043,Single Carriageway,A Road,E108DCF7-B304-4A21-A48B-A0618DC1E101,668.0,false,Ffordd Pentraeth,cym,Pentraeth Road,eng,osgb4000000012508322,osgb4000000012519445,false,A5025,2F5CECB8-3B80-45CF-8968-81D298066948,false,,,
prospect_layer,1,AC6 Roads — ac6_test__featureclasstofeatureclass_infrastructure_roadlink,2,15131,,,,,15131,,,,,Unknown,F2A8B602-4608-447C-95EA-07CBEC34DD9D,false,15131,Single Carriageway,Restricted Local Access Road,1A829EC5-1F89-44CC-AEE7-B27C0DDEAF4B,224.0,false,,,,,,,false,,1C114AFE-3A2D-40BB-A875-B951F3B06E9B,false,,,
prospect_layer,1,AC6 Roads — ac6_test__featureclasstofeatureclass_infrastructure_roadlink,1,15047,,,,,15047,,,,,Unknown,DE0EDC5C-D23F-49E1-BFE8-E4C4F7262CB5,false,15047,Single Carriageway,Restricted Local Access Road,049E9F67-3848-415B-BB88-586DDF3F9958,222.0,false,,,,,,,false,,2F5CECB8-3B80-45CF-8968-81D298066948,false,,,
prospect_layer,1,AC6 Roads — ac6_test__featureclasstofeatureclass_infrastructure_roadlink,1,15119,,,,,15119,,,,,Classified Unnumbered,134C6EE4-CFE5-4C3B-B887-D5ABC7957A53,false,15119,Single Carriageway,Minor Road,2B45A9A6-6D86-4134-B315-22BE742B8229,639.0,false,,,,,,,false,,C7AEC23B-C119-481D-9BA3-F2D8EBFE7562,false,,,
prospect_layer,1,AC6 Roads — ac6_test__featureclasstofeatureclass_infrastructure_roadlink,1,15129,,,,,15129,,,,,Unknown,44FD97CE-C6B1-4ECF-9432-045E8961B115,false,15129,Single Carriageway,Restricted Local Access Road,3818C8CA-CDFD-4A77-ACEF-41858E5102D6,732.0,false,,,,,,,false,,6F5E700E-1FBF-4C1F-93A5-4E399E7EA84A,false,,,
prospect_layer,1,AC6 Roads — ac6_test__featureclasstofeatureclass_infrastructure_roadlink,1,15074,,,,,15074,,,,,Unclassified,D18AA639-DEF8-4983-A32C-12C67F36D8D2,false,15074,Single Carriageway,Minor Road,6D33F638-B246-4FAB-8DBB-3A15A9732D88,909.0,false,,,,,,,false,,332E2202-DFDE-47B4-A8C4-88B090A59108,false,,,
prospect_layer,1,AC6 Roads — ac6_test__featureclasstofeatureclass_infrastructure_roadlink,3,15195,,,,,15195,,,,,Unclassified,8B95ED62-DB96-4A8B-B222-5E7676C4F049,false,15195,Single Carriageway,Local Road,E98DB0DA-14A1-4494-A48C-368934E85657,318.0,false,,,,,,,false,,FC01FBBB-1BBD-4945-BE33-5FE67309D271,false,,,
prospect_layer,1,AC6 Roads — ac6_test__featureclasstofeatureclass_infrastructure_roadlink,1,15092,,,,,15092,,,,,Unknown,C5704ACE-D02B-49A8-96D2-508450EEC7E8,false,15092,Single Carriageway,Restricted Local Access Road,91DF06EF-700C-49F6-A215-CAA303258EB9,38.0,false,,,,,,,false,,2CEEB3A1-5645-4E17-8316-E2975FA330EA,false,,,
prospect_layer,1,AC6 Roads — ac6_test__featureclasstofeatureclass_infrastructure_roadlink,1,15088,,,,,15088,,,,,Unclassified,F0D79489-C08E-46CE-AA97-5B7A485C9DC7,false,15088,Single Carriageway,Local Road,5F8F402B-D07B-4A29-8905-E7F47CA7207F,47.0,false,Cae Ffynnon,,,,osgb4000000012565598,,false,,D45B04EA-0A37-4D5D-842B-59303AAE9CEF,false,,,
prospect_layer,1,AC6 Roads — ac6_test__featureclasstofeatureclass_infrastructure_roadlink,1,15080,,,,,15080,,,,,Classified Unnumbered,6777A4C3-5179-4124-8A17-CB204BB67063,false,15080,Single Carriageway,Minor Road,DBB5E2C2-0CE1-403F-B0E9-E01F224676B8,86.0,false,,,,,,,false,,20FDD428-B92B-4D90-B6A2-CCC94781F1B0,false,,,
prospect_layer,1,AC6 Roads — ac6_test__featureclasstofeatureclass_infrastructure_roadlink,1,15285,,,,,15285,,,,,Classified Unnumbered,BC9DF183-40D6-405C-9D5A-91924F381E49,false,15285,Single Carriageway,Minor Road,A1BB7E3B-F04E-4E65-85EF-6D3204E9D6BB,523.0,false,Lon Ganol,,,,osgb4000000012565502,,false,,7BDEE258-2E3A-4F81-B393-2E5AC3FC2E8F,false,,,
prospect_layer,1,AC6 Roads — ac6_test__featureclasstofeatureclass_infrastructure_roadlink,1,15283,,,,,15283,,,,,A Road,C33BA0BE-49CF-490B-812D-173BD45C8786,false,15283,Single Carriageway,A Road,1AB237B6-8780-4BA6-A697-23C379E429FC,1716.0,false,Ffordd Beaumaris,cym,Beaumaris Road,eng,osgb4000000012507627,osgb4000000012511570,false,A545,0F2C68EE-FE5E-4747-B171-9CACD552635B,false,,,
prospect_layer,1,AC6 Roads — ac6_test__featureclasstofeatureclass_infrastructure_roadlink,1,15024,,,,,15024,,,,,Classified Unnumbered,BACFCE7B-F7FF-45A1-BF42-F60DBE942E0A,false,15024,Single Carriageway,Minor Road,D51D09D4-E9C7-48FD-A63F-E67296B52CE8,902.0,false,,,,,,,false,,BA42C691-A8A5-4C9E-B1FB-747476A1B201,false,,,
prospect_layer,1,AC6 Roads — ac6_test__featureclasstofeatureclass_infrastructure_roadlink,1,15037,,,,,15037,,,,,Unknown,945059EC-506D-4677-83A0-0BAFD16A41A2,false,15037,Single Carriageway,Restricted Local Access Road,B9ED9531-CBFA-4A39-B948-EC1E5A86B0BF,173.0,false,,,,,,,false,,BA42C691-A8A5-4C9E-B1FB-747476A1B201,false,,,
prospect_layer,1,AC6 Roads — ac6_test__featureclasstofeatureclass_infrastructure_roadlink,1,19846,,,,,19846,,,,,Unknown,4FED59A9-9250-4569-955A-0612DF0EB4A8,false,19846,Single Carriageway,Restricted Local Access Road,55B2D748-BFBA-42C1-BB32-7768028FE95D,887.0,false,,,,,,,false,,3DD288CF-2AB3-45D1-88B7-0EC78D29AF2F,false,,,
prospect_layer,1,AC6 Roads — ac6_test__featureclasstofeatureclass_infrastructure_roadlink,1,15027,,,,,15027,,,,,Classified Unnumbered,C72313EE-C52D-4D33-A5BD-B0B80D7F08BA,false,15027,Single Carriageway,Minor Road,25AFF12D-7C61-48BA-9333-8CB66EB25890,510.0,false,,,,,,,false,,4DB9563E-0BAD-44C2-9F14-E76434CC72DC,false,,,
prospect_layer,1,AC6 Roads — ac6_test__featureclasstofeatureclass_infrastructure_roadlink,1,19852,,,,,19852,,,,,Classified Unnumbered,7D25A4CC-EC68-453D-BFC3-84341703155F,false,19852,Single Carriageway,Minor Road,64AEF79B-2151-4BA9-8493-FA530ED0701C,1463.0,false,,,,,,,false,,E34B10E6-9A6D-4FC0-9C2B-9DC288EE9E82,false,,,
prospect_layer,1,AC6 Roads — ac6_test__featureclasstofeatureclass_infrastructure_roadlink,1,19858,,,,,19858,,,,,B Road,062065A7-05B5-4B9F-AE69-1F093C50ACF0,false,19858,Single Carriageway,B Road,F7435172-F475-4866-BC54-B7D563BD5E6F,980.0,false,,,,,,osgb4000000012519460,false,B5109,7334A5A7-51BA-412A-BEB2-9347F0A63A46,false,,,
prospect_layer,1,AC6 Roads — ac6_test__featureclasstofeatureclass_infrastructure_roadlink,1,19767,,,,,19767,,,,,Classified Unnumbered,0EBEF75E-98CF-401A-9DA7-6792F413D18F,false,19767,Single Carriageway,Minor Road,87351743-6694-434E-B554-C59DAF1BBA54,1594.0,false,,,,,,,false,,BD70CDE7-CB0C-4A19-8B4B-0BD9CE6483D1,false,,,
prospect_layer,1,AC6 Roads — ac6_test__featureclasstofeatureclass_infrastructure_roadlink,1,19675,,,,,19675,,,,,Classified Unnumbered,9CE15030-5166-44E1-AA85-F053E86BF2DD,false,19675,Single Carriageway,Minor Road,7FBA6001-01BB-4BD5-89B1-0FD60496DAF7,450.0,false,,,,,,,false,,9AA703BF-4924-48C2-A6A4-40997979EA37,false,,,
prospect_layer,1,AC6 Roads — ac6_test__featureclasstofeatureclass_infrastructure_roadlink,1,19674,,,,,19674,,,,,Unknown,06523C64-2A59-43B3-BD7A-18F4B6C39144,false,19674,Single Carriageway,Restricted Local Access Road,33DF0C52-E264-4813-B0BD-A63D8AD4E4A0,385.0,false,,,,,,,false,,9AA703BF-4924-48C2-A6A4-40997979EA37,false,,,
prospect_layer,1,AC6 Roads — ac6_test__featureclasstofeatureclass_infrastructure_roadlink,1,19739,,,,,19739,,,,,B Road,6085B310-9C04-42A0-A322-5456F190EF5B,false,19739,Single Carriageway,B Road,AA4E0567-5901-4631-B3F7-78CD2547FE7B,893.0,false,,,,,,osgb4000000012511571,false,B5110,810611BD-5532-4607-93FA-3A7D26950F6F,false,,,
prospect_layer,1,AC6 Roads — ac6_test__featureclasstofeatureclass_infrastructure_roadlink,1,22326,,,,,22326,,,,,Unclassified,EC67D4AB-FEA3-4348-8F43-E786FCFAA671,false,22326,Single Carriageway,Minor Road,9415BFF8-557F-43BE-98D6-A3E4E3A01068,1384.0,false,Lon Coedanna,,,,osgb4000000012570464,,false,,A3C71B57-0A18-46ED-A977-84A0C27B6498,false,,,
prospect_layer,1,AC6 Roads — ac6_test__featureclasstofeatureclass_infrastructure_roadlink,1,22349,,,,,22349,,,,,B Road,B85C56BC-1DC2-467C-8381-91B96EFC8888,false,22349,Single Carriageway,B Road,CD2B944D-810B-462B-B5AF-3005552660DE,427.0,false,,,,,,osgb4000000012519444,false,B5111,80CD4193-87C3-4982-A97C-B41D955B8CF3,false,,,
prospect_layer,1,AC6 Roads — ac6_test__featureclasstofeatureclass_infrastructure_roadlink,1,19778,,,,,19778,,,,,Unknown,2D829CC3-A450-48C6-9CF2-4CDD5D573538,false,19778,Single Carriageway,Restricted Local Access Road,AB0B2A9A-8728-43C7-B457-12D601225277,1295.0,false,,,,,,,false,,37B999B4-7993-4B0D-B339-132FF153C863,false,,,
prospect_layer,1,AC6 Roads — ac6_test__featureclasstofeatureclass_infrastructure_roadlink,1,19745,,,,,19745,,,,,Unclassified,56A366D8-9E86-4B27-8334-C2FC8C2BC725,false,19745,Single Carriageway,Minor Road,F1163224-9832-41F8-95C4-3B9EA898BF92,808.0,false,,,,,,,false,,D40C8E14-D91F-4BCE-B7E8-567B55394CE7,false,,,
prospect_layer,1,AC6 Roads — ac6_test__featureclasstofeatureclass_infrastructure_roadlink,2,31900,,,,,31900,,,,,Classified Unnumbered,41E05B42-409B-4805-9D96-923191054660,false,31900,Single Carriageway,Minor Road,7F07A513-FF12-4369-8668-FC5FBAE57743,306.0,false,,,,,,,false,,D218AEF6-13C4-47FF-B68C-B25C3B1062E0,false,,,
prospect_layer,1,AC6 Roads — ac6_test__featureclasstofeatureclass_infrastructure_roadlink,1,23511,,,,,23511,,,,,Unclassified,C007D3E7-9B75-4ADB-8CBA-62A57B04964B,false,23511,Single Carriageway,Local Road,64A8C2EB-48EB-4268-816D-C866E0E5CF03,81.0,false,Lon Ednyfed,,,,osgb4000000012565034,,false,,06619C3B-42EB-4CE3-83D3-2B2AB9007EC6,false,,,
prospect_layer,1,AC6 Roads — ac6_test__featureclasstofeatureclass_infrastructure_roadlink,1,23507,,,,,23507,,,,,Unknown,5485318C-FBBB-4884-BC71-A192CA083F36,false,23507,Single Carriageway,Restricted Local Access Road,D29291A5-BAE6-4E54-8E12-D7FD17E89C63,55.0,false,,,,,,,false,,3025D29C-31A8-403A-BD70-92BF31D883F9,false,,,
prospect_layer,1,AC6 Roads — ac6_test__featureclasstofeatureclass_infrastructure_roadlink,1,23630,,,,,23630,,,,,Unclassified,A1E13236-E126-4BED-99AF-B0993DAE5A9A,false,23630,Single Carriageway,Minor Road,DB22884A-7A14-4770-8D90-BAEDECBCCF2B,120.0,false,Lon Felin,,,,osgb4000000012570333,,false,,9467FBB9-77CE-4ADD-B0C3-6776C8B2383D,false,,,
prospect_layer,1,AC6 Roads — ac6_test__featureclasstofeatureclass_infrastructure_roadlink,1,23589,,,,,23589,,,,,A Road,8A83402A-17EB-4996-A11A-7272459BE404,false,23589,Single Carriageway,A Road,385144F8-C5BF-4D64-9CA0-32B5E91E0C74,131.0,false,Stryd Fawr,cym,High Street,eng,osgb4000000012535095,osgb4000000012519439,false,A497,9CF01B40-4853-49E7-B456-695024864CB5,false,,,
prospect_layer,1,AC6 Roads — ac6_test__featureclasstofeatureclass_infrastructure_roadlink,1,23512,,,,,23512,,,,,Unclassified,B155A1BF-DC1A-4BB6-B1EF-BBF558EEA362,false,23512,Single Carriageway,Local Road,54BF9A25-E703-40E1-B0E1-E4F84B388562,50.0,false,Lon Tynllan,cym,Radcliffe Road,eng,osgb4000000012508133,,false,,F8061658-BD8A-40E5-A4B2-DFD6CF093440,false,,,
prospect_layer,1,AC6 Roads — ac6_test__featureclasstofeatureclass_infrastructure_roadlink,1,23642,,,,,23642,,,,,Unclassified,917C594A-8D40-4A1E-B4B4-3AB6C0614648,false,23642,Single Carriageway,Secondary Access Road,3133F1E4-54D8-4CD3-8E4F-82C671FAE3BA,81.0,false,,,,,,,false,,F9545756-87FD-4EFE-90B0-9206C718736E,false,,,
prospect_layer,1,AC6 Roads — ac6_test__featureclasstofeatureclass_infrastructure_roadlink,1,23645,,,,,23645,,,,,Unclassified,37C9259B-94D2-42FF-9CF3-89BBBBD63AA4,false,23645,Single Carriageway,Local Road,8F2F5D43-3E94-43AE-814B-48F74C020AA4,26.0,false,Penpaled Road,,,,osgb4000000012509986,,false,,7D2463DE-EE5D-454A-8757-000810FDBD0C,false,,,
prospect_layer,1,AC6 Roads — ac6_test__featureclasstofeatureclass_infrastructure_roadlink,1,23650,,,,,23650,,,,,Unclassified,96AC570D-42F2-498B-BD8F-2715304F7EE1,false,23650,Single Carriageway,Restricted Local Access Road,06840AC4-629B-4146-B206-AA5641D859F3,36.0,false,,,,,,,false,,37C9259B-94D2-42FF-9CF3-89BBBBD63AA4,false,,,
prospect_layer,1,AC6 Roads — ac6_test__featureclasstofeatureclass_infrastructure_roadlink,1,24201,,,,,24201,,,,,Unknown,7A12465B-CAA3-4954-8091-F860072BA22C,false,24201,Single Carriageway,Restricted Local Access Road,7FDD87FD-DE38-4EAB-9377-66FFD9993F68,72.0,false,,,,,,,false,,A2002E7A-D5C9-4FD3-8A7A-DC57929DE1A2,false,,,
prospect_layer,1,AC6 Roads — ac6_test__featureclasstofeatureclass_infrastructure_roadlink,1,24140,,,,,24140,,,,,Unknown,B7BF96F8-CEEA-41DB-8D1F-94345EFC30B6,false,24140,Single Carriageway,Restricted Local Access Road,9F582B11-ECD0-4EC4-9707-F57CBF2183A8,42.0,false,,,,,,,false,,0D583312-2595-4C25-8E64-DA608CAEC2BE,false,,,
prospect_layer,1,AC6 Roads — ac6_test__featureclasstofeatureclass_infrastructure_roadlink,1,24144,,,,,24144,,,,,Unknown,C855F987-B627-4ECA-9DA0-D4D20C4BC80D,false,24144,Single Carriageway,Restricted Local Access Road,B1BE22FE-53C0-4F99-A5E1-362637B229DC,192.0,false,,,,,,,false,,858DB3E2-E734-40D8-8017-DF6F72F0A506,false,,,
prospect_layer,1,AC6 Roads — ac6_test__featureclasstofeatureclass_infrastructure_roadlink,1,24093,,,,,24093,,,,,Unknown,06E5D59D-4ED0-4DD2-AB78-2DB19610600B,false,24093,Single Carriageway,Restricted Local Access Road,D2AAEBF6-3A12-4806-8178-82E3D287CD05,238.0,false,,,,,,,false,,0FD03E25-1C5E-4671-B3CD-EA0AD96E387D,false,,,
prospect_layer,1,AC6 Roads — ac6_test__featureclasstofeatureclass_infrastructure_roadlink,1,24095,,,,,24095,,,,,Unknown,57D17B0F-5EEF-454D-9D41-FFD4E618A673,false,24095,Single Carriageway,Restricted Local Access Road,139E22B9-92D7-4285-B40E-FF2EC6577C53,217.0,false,,,,,,,false,,5A972F00-0569-4AFA-9E95-B857B9D1679F,false,,,
prospect_layer,1,AC6 Roads — ac6_test__featureclasstofeatureclass_infrastructure_roadlink,1,23706,,,,,23706,,,,,A Road,E02BF9BD-0F47-4BEC-8381-50DC0AEF0767,false,23706,Single Carriageway,A Road,111969DA-CE14-4F2D-8297-CADB1CD06EC4,117.0,false,Stryd Fawr,cym,High Street,eng,osgb4000000012535095,osgb4000000012519439,false,A497,8C78C12F-7215-4B43-804C-84F0BC47CF21,false,,,
prospect_layer,1,AC6 Roads — ac6_test__featureclasstofeatureclass_infrastructure_roadlink,1,23700,,,,,23700,,,,,Unclassified,88C8A47F-5A18-458A-9397-1F3A9497CBBD,false,23700,Single Carriageway,Restricted Local Access Road,188FD749-9515-4E62-8241-747587C90805,172.0,false,,,,,,,false,,6F51073C-0610-4A30-A72D-C1B2BA4D0A9C,false,,,
prospect_layer,1,AC6 Roads — ac6_test__featureclasstofeatureclass_infrastructure_roadlink,1,23705,,,,,23705,,,,,Unclassified,6F51073C-0610-4A30-A72D-C1B2BA4D0A9C,false,23705,Single Carriageway,Minor Road,38284971-F8F5-45BB-BB1E-65A272C72637,118.0,false,Lon Fel,,,,osgb4000000012570483,,false,,8C78C12F-7215-4B43-804C-84F0BC47CF21,false,,,
prospect_layer,1,AC6 Roads — ac6_test__featureclasstofeatureclass_infrastructure_roadlink,1,23624,,,,,23624,,,,,B Road,18DB7C77-8F9A-4DA6-88E2-FDE4CC960846,false,23624,Single Carriageway,B Road,0A3B8E98-CFA5-4A54-90D6-32F30632842C,280.0,false,,,,,,osgb4000000012511567,false,B4411,EA4D263A-95F9-458C-85B1-A4DBF3A580E8,false,,,
prospect_layer,1,AC6 Roads — ac6_test__featureclasstofeatureclass_infrastructure_roadlink,1,32538,,,,,32538,,,,,Classified Unnumbered,095C45F7-110B-46D3-99D4-B410F6A25BA2,false,32538,Single Carriageway,Minor Road,39683CBA-7807-4F0C-A175-3832FD46F704,664.0,false,,,,,,,false,,258224B2-345E-4CDD-A4CE-03477BCED016,false,,,
prospect_layer,1,AC6 Roads — ac6_test__featureclasstofeatureclass_infrastructure_roadlink,1,32524,,,,,32524,,,,,B Road,A6A67A14-A1E9-431E-A2B1-D3680F9E7857,false,32524,Single Carriageway,B Road,7FBF06A8-FBAF-4721-8DB0-3B1FC7BE603D,813.0,false,,,,,,osgb4000000012519438,false,B4417,C1AC17A9-3512-4A8F-B969-C5FB8CC00310,false,,,
prospect_layer,1,AC6 Roads — ac6_test__featureclasstofeatureclass_infrastructure_roadlink,3,32527,,,,,32527,,,,,Unknown,79FA14F7-FC65-4F61-98C2-7C7F963275E0,false,32527,Single Carriageway,Restricted Local Access Road,51C68F19-77A5-4A77-9B69-A3D7530B98CC,663.0,false,,,,,,,false,,33405069-B9D8-4493-8BFA-908F502A449A,false,,,
prospect_layer,1,AC6 Roads — ac6_test__featureclasstofeatureclass_infrastructure_roadlink,1,32528,,,,,32528,,,,,Unclassified,B2592C16-9B48-440E-9B66-5A911FDABCA2,false,32528,Single Carriageway,Restricted Local Access Road,4CCD2EE1-39CC-4AB8-AA34-D97E51705C8B,33.0,false,,,,,,,false,,8B58A487-85DE-46EC-8F11-3056ADF218A3,false,,,
prospect_layer,1,AC6 Roads — ac6_test__featureclasstofeatureclass_infrastructure_roadlink,1,32529,,,,,32529,,,,,Unknown,59D7FCA0-C76C-420F-9A81-A79393C49D56,false,32529,Single Carriageway,Restricted Local Access Road,97E16422-78A5-44C1-9A90-14495D59B988,175.0,false,,,,,,,false,,B2592C16-9B48-440E-9B66-5A911FDABCA2,false,,,
prospect_layer,1,AC6 Roads — ac6_test__featureclasstofeatureclass_infrastructure_roadlink,2,32535,,,,,32535,,,,,Unclassified,095C45F7-110B-46D3-99D4-B410F6A25BA2,false,32535,Single Carriageway,Minor Road,E220CF15-45EC-4AC2-9871-C50DEC2D0138,1246.0,false,,,,,,,false,,C1AC17A9-3512-4A8F-B969-C5FB8CC00310,false,,,
prospect_layer,1,AC6 Roads — ac6_test__featureclasstofeatureclass_infrastructure_roadlink,1,32587,,,,,32587,,,,,Unknown,4C220906-733C-40D7-B05F-D0A9A361208E,false,32587,Single Carriageway,Restricted Local Access Road,D8CECFD5-5070-4C21-A9DF-92E534CD7696,1099.0,false,,,,,,,false,,93476A31-49F3-4717-9AC3-12F21EEC5DF3,false,,,
prospect_layer,1,AC6 Roads — ac6_test__featureclasstofeatureclass_infrastructure_roadlink,1,32921,,,,,32921,,,,,Classified Unnumbered,8B58A487-85DE-46EC-8F11-3056ADF218A3,false,32921,Single Carriageway,Minor Road,9A0096BD-ED9F-469C-BC40-A915697D29B2,1348.0,false,,,,,,,false,,38A5DBD0-BE92-49BB-A7DC-5A808077B2FA,false,,,
prospect_layer,1,AC6 Roads — ac6_test__featureclasstofeatureclass_infrastructure_roadlink,1,32610,,,,,32610,,,,,Unclassified,7BAFFB1A-8492-4F7C-A8E1-0A79F59D4842,false,32610,Single Carriageway,Restricted Local Access Road,0533A879-8B24-43F9-A359-574DAB15BF95,233.0,false,,,,,,,false,,7AFEB336-8C09-4124-B1B3-E00AA60DBB53,false,,,
prospect_layer,1,AC6 Roads — ac6_test__featureclasstofeatureclass_infrastructure_roadlink,1,32593,,,,,32593,,,,,Classified Unnumbered,7C8615F1-7BD9-44C9-A178-07E6371688C1,false,32593,Single Carriageway,Minor Road,027BCD1C-C361-4990-9159-5D9AEF1C42BE,835.0,false,,,,,,,false,,45A0E62B-4C30-4085-8043-60345719035B,false,,,
prospect_layer,1,AC6 Roads — ac6_test__featureclasstofeatureclass_infrastructure_roadlink,1,32860,,,,,32860,,,,,Classified Unnumbered,787A3223-7F5C-4F0B-A536-E263B6009B1C,false,32860,Single Carriageway,Minor Road,B5A7426B-DF39-4535-B832-B97C34FB6AB2,292.0,false,,,,,,,false,,188233EF-831D-4B15-82F8-D88DE6447518,false,,,
prospect_layer,1,AC6 Roads — ac6_test__featureclasstofeatureclass_infrastructure_roadlink,1,32786,,,,,32786,,,,,Unclassified,75A2FF43-EEE8-45FA-A145-8CF37B79C46C,false,32786,Single Carriageway,Restricted Local Access Road,8683AB51-6283-4A81-983C-C4653CF90289,117.0,false,,,,,,,false,,0820BA50-0B8C-47F3-8010-649DC9389CA9,false,,,
prospect_layer,1,AC6 Roads — ac6_test__featureclasstofeatureclass_infrastructure_roadlink,1,32787,,,,,32787,,,,,Unknown,0820BA50-0B8C-47F3-8010-649DC9389CA9,false,32787,Single Carriageway,Restricted Local Access Road,0056A8DB-D20C-4770-8EF5-8D6989A1A21E,130.0,false,,,,,,,false,,0B7D5EDB-9B83-4B8D-9D82-159AE752414C,false,,,
prospect_layer,1,AC6 Roads — ac6_test__featureclasstofeatureclass_infrastructure_roadlink,1,32792,,,,,32792,,,,,Unknown,C1B52BB5-4BC4-44C0-9D61-E4633A8C7E88,false,32792,Single Carriageway,Restricted Local Access Road,914A8621-134E-49A0-A606-013F95B998E2,594.0,false,,,,,,,false,,AC3D1874-BD0A-4F3C-BB12-95B269E97CE5,false,,,
prospect_layer,1,AC6 Roads — ac6_test__featureclasstofeatureclass_infrastructure_roadlink,1,28998,,,,,28998,,,,,Unclassified,D2FC4099-1617-4C1F-886A-AA9BE8223D83,false,28998,Single Carriageway,Minor Road,4BE01D22-F158-4836-9224-5422A472B672,769.0,false,,,,,,,false,,EC3B3A28-E203-41B0-B3DD-9B9A7209D82C,false,,,
prospect_layer,1,AC6 Roads — ac6_test__featureclasstofeatureclass_infrastructure_roadlink,1,28999,,,,,28999,,,,,Classified Unnumbered,17FA3195-094F-4CBA-9CBE-279705862724,false,28999,Single Carriageway,Minor Road,8DC07B9E-D5CC-4C96-A6A6-267609FD3CE7,1291.0,false,,,,,,,false,,D2FC4099-1617-4C1F-886A-AA9BE8223D83,false,,,
prospect_layer,1,AC6 Roads — ac6_test__featureclasstofeatureclass_infrastructure_roadlink,1,29226,,,,,29226,,,,,Unclassified,1B0AE11E-C25F-48D2-A1AB-5E1B34AA3236,false,29226,Single Carriageway,Minor Road,C2483B6D-9E91-4E09-BC57-AE9F73E0E678,672.0,false,,,,,,,false,,591285C9-875B-4FB6-81C8-FD227979248F,false,,,
prospect_layer,1,AC6 Roads — ac6_test__featureclasstofeatureclass_infrastructure_roadlink,1,29159,,,,,29159,,,,,Classified Unnumbered,70A75F96-EB1A-4C29-B25A-AE60749F0CCB,false,29159,Single Carriageway,Minor Road,B2EB8505-BD32-4C07-8024-87289D3C2515,949.0,false,,,,,,,false,,BD2FFA36-FBD1-4A3D-BFAB-32CE19F497CB,false,,,
prospect_layer,1,AC6 Roads — ac6_test__featureclasstofeatureclass_infrastructure_roadlink,1,29162,,,,,29162,,,,,Unknown,1145E504-4C38-4103-82A1-106B9C19FD21,false,29162,Single Carriageway,Restricted Local Access Road,3E62AA6E-D88C-43B6-B921-34E64C9E10E3,160.0,false,,,,,,,false,,406ACD15-8F1A-4C63-BE7D-38C75952EEC2,false,,,
prospect_layer,1,AC6 Roads — ac6_test__featureclasstofeatureclass_infrastructure_roadlink,1,28960,,,,,28960,,,,,Classified Unnumbered,C9730088-BC4D-42D9-84CE-A81A59613BA8,false,28960,Single Carriageway,Minor Road,3C1D1D45-8C2E-4164-A4D3-7F40213AC80A,648.0,false,,,,,,,false,,1D0F8C3F-2A24-4223-ADC6-B8EE9DDD9E8D,false,,,
prospect_layer,1,AC6 Roads — ac6_test__featureclasstofeatureclass_infrastructure_roadlink,1,29221,,,,,29221,,,,,Unknown,FF4C3BFA-56B3-49D3-AE91-3199752173FD,false,29221,Single Carriageway,Restricted Local Access Road,096E6D3C-0ECD-47D1-B3AE-E8443BBBC27C,488.0,false,,,,,,,false,,1B0AE11E-C25F-48D2-A1AB-5E1B34AA3236,false,,,
prospect_layer,1,AC6 Roads — ac6_test__featureclasstofeatureclass_infrastructure_roadlink,1,29245,,,,,29245,,,,,B Road,27A068C8-DEB4-462C-BC84-5B94248BDCCE,false,29245,Single Carriageway,B Road,8D00898D-4B20-423E-8708-E5E7EC54AAF2,812.0,false,,,,,,osgb4000000012511565,false,B5112,8AC1631F-E7B8-456C-93E8-E2E88C09E136,false,,,
prospect_layer,1,AC6 Roads — ac6_test__featureclasstofeatureclass_infrastructure_roadlink,1,29240,,,,,29240,,,,,Classified Unnumbered,497E4785-E04A-4156-8A56-A23DB3CACC20,false,29240,Single Carriageway,Minor Road,5F970077-5B20-4A31-AF11-C33D30C5E814,807.0,false,,,,,,,false,,F504EBA8-9C3A-49A3-B80A-3DD5F50DAC71,false,,,
prospect_layer,1,AC6 Roads — ac6_test__featureclasstofeatureclass_infrastructure_roadlink,1,29144,,,,,29144,,,,,Classified Unnumbered,7C16F4F7-C657-47E8-8487-8547FDB8A52D,false,29144,Single Carriageway,Minor Road,C7B87C07-83E5-48D7-8473-856A3C7DDD78,586.0,false,,,,,,,false,,497E4785-E04A-4156-8A56-A23DB3CACC20,false,,,
prospect_layer,1,AC6 Roads — ac6_test__featureclasstofeatureclass_infrastructure_roadlink,1,29146,,,,,29146,,,,,Classified Unnumbered,7C16F4F7-C657-47E8-8487-8547FDB8A52D,false,29146,Single Carriageway,Minor Road,C49E43EC-C98F-4384-98EA-868FB835B24A,1320.0,false,,,,,,,false,,EBE0A851-9709-403A-B250-98619C47E02E,false,,,
prospect_layer,1,AC6 Roads — ac6_test__featureclasstofeatureclass_infrastructure_roadlink,1,29156,,,,,29156,,,,,Classified Unnumbered,51FFD8CF-3FA2-4AC0-9493-B7A040333707,false,29156,Single Carriageway,Minor Road,F03A8D5B-72FD-4A22-911D-BED0A8EAA3F3,949.0,false,,,,,,,false,,464521E2-5642-49F4-96F2-200607D30CA5,false,,,
prospect_layer,1,AC6 Roads — ac6_test__featureclasstofeatureclass_infrastructure_roadlink,1,29258,,,,,29258,,,,,Classified Unnumbered,42955903-164C-466C-B513-5CD531870DF1,false,29258,Single Carriageway,Minor Road,348462A4-2ADB-4A3E-AEF8-E6AD9F92A0FD,905.0,false,,,,,,,false,,A8B64E65-617E-455A-A14E-ADABE0A952E9,false,,,
prospect_layer,1,AC6 Roads — ac6_test__featureclasstofeatureclass_infrastructure_roadlink,1,29259,,,,,29259,,,,,Unknown,72A8A0B2-52BF-4A37-BF3E-C83C70405B9E,false,29259,Single Carriageway,Restricted Local Access Road,72A8D020-EB6D-46F8-BAE2-85757B38B1AB,228.0,false,,,,,,,false,,A8B64E65-617E-455A-A14E-ADABE0A952E9,false,,,
prospect_layer,1,AC6 Roads — ac6_test__featureclasstofeatureclass_infrastructure_roadlink,1,31934,,,,,31934,,,,,Classified Unnumbered,DCCC5A1D-9D39-40CA-A94A-D54ACA405B2E,false,31934,Single Carriageway,Minor Road,D39728A3-83C2-4099-B531-7956C0F96385,710.0,false,,,,,,,false,,41E05B42-409B-4805-9D96-923191054660,false,,,
prospect_layer,1,AC6 Roads — ac6_test__featureclasstofeatureclass_infrastructure_roadlink,1,31947,,,,,31947,,,,,Classified Unnumbered,940FA938-C5F5-4BD8-BCDC-3EA9C5F4CA1D,false,31947,Single Carriageway,Minor Road,0DBA4E66-1ABD-4D7F-B806-F8DCDCB016AA,426.0,false,South Stack Road,,,,osgb4000000012507800,,false,,640BE3D6-1799-4FB8-900F-C619A8332BC3,false,,,
prospect_layer,1,AC6 Roads — ac6_test__featureclasstofeatureclass_infrastructure_roadlink,1,31950,,,,,31950,,,,,Unknown,640BE3D6-1799-4FB8-900F-C619A8332BC3,false,31950,Single Carriageway,Restricted Local Access Road,14D6C1DD-F16C-4EC7-9A2A-AE934B8B38EF,417.0,false,,,,,,,false,,F76969D3-5734-4329-8F35-F39448569E22,false,,,
prospect_layer,1,AC6 Roads — ac6_test__featureclasstofeatureclass_infrastructure_roadlink,1,29010,,,,,29010,,,,,A Road,19F136ED-A8F9-4ED0-80C1-94A3594568B5,false,29010,Single Carriageway,A Road,319A661C-B5F4-4FEE-922E-73A9260A201B,184.0,false,,,,,,osgb4000000012519445,false,A5025,F600CD3E-D324-4FAF-B55F-21E3ADE94A30,false,,,
prospect_layer,1,AC6 Roads — ac6_test__featureclasstofeatureclass_infrastructure_roadlink,1,29011,,,,,29011,,,,,Classified Unnumbered,19F136ED-A8F9-4ED0-80C1-94A3594568B5,false,29011,Single Carriageway,Minor Road,E2F87113-24D9-4D1B-8484-12DDDB850E3B,604.0,false,,,,,,,false,,9D1243D7-29C3-4BCD-A950-46AFEC05C71D,false,,,
prospect_layer,1,AC6 Roads — ac6_test__featureclasstofeatureclass_infrastructure_roadlink,1,28909,,,,,28909,,,,,Unclassified,BC8CCE80-CD4B-4B36-A850-BEC210C673B7,false,28909,Single Carriageway,Local Road,35A5664F-EED4-4202-B01F-B6477D7B5AE1,188.0,false,Y Bryn,,,,osgb4000000012564407,,false,,457F33AE-6423-4962-955C-6024FF5070CA,false,,,
prospect_layer,1,AC6 Roads — ac6_test__featureclasstofeatureclass_infrastructure_roadlink,1,28905,,,,,28905,,,,,Classified Unnumbered,1DCBE087-BFB9-4663-B8CA-11AD6408F339,false,28905,Single Carriageway,Minor Road,6E49A025-D4CA-4506-81F7-797678F6650F,118.0,false,,,,,,,false,,EB5CD1F2-3B5F-4A00-9221-4DCE1D314642,false,,,
prospect_layer,1,AC6 Roads — ac6_test__featureclasstofeatureclass_infrastructure_roadlink,1,30074,,,,,30074,,,,,Classified Unnumbered,0FDD3B35-60F7-47EC-884B-044E6DF6D9F8,false,30074,Single Carriageway,Minor Road,A74A8313-9227-473B-A5B0-FA934775C4AE,130.0,false,,,,,,,false,,EBAC475D-40CF-4543-A3B2-925A85811E78,false,,,
prospect_layer,1,AC6 Roads — ac6_test__featureclasstofeatureclass_infrastructure_roadlink,1,30337,,,,,30337,,,,,Classified Unnumbered,B182B3AA-6F75-47A6-9573-AD1DD9CC4778,false,30337,Single Carriageway,Minor Road,C832FC69-1787-4BA7-B6D5-45E97C69E43C,552.0,false,,,,,,,false,,0FDD3B35-60F7-47EC-884B-044E6DF6D9F8,false,,,
prospect_layer,1,AC6 Roads — ac6_test__featureclasstofeatureclass_infrastructure_roadlink,1,30341,,,,,30341,,,,,Unknown,D644F68E-C228-4703-99F2-B688BE5D6D40,false,30341,Single Carriageway,Restricted Local Access Road,86D11DA2-DBA7-4E6A-9CF6-E4A33BC64A27,122.0,false,,,,,,,false,,B182B3AA-6F75-47A6-9573-AD1DD9CC4778,false,,,
prospect_layer,1,AC6 Roads — ac6_test__featureclasstofeatureclass_infrastructure_roadlink,1,30350,,,,,30350,,,,,Unknown,04C36629-44D9-4A00-95F3-40034F70E727,false,30350,Single Carriageway,Restricted Local Access Road,89A0351D-5322-44A3-A80B-80D90E2F3C32,65.0,false,,,,,,,false,,B030692B-4ADB-40A6-B27E-B33BACB605A8,false,,,
prospect_layer,1,AC6 Roads — ac6_test__featureclasstofeatureclass_infrastructure_roadlink,1,31903,,,,,31903,,,,,Unknown,A4022EFF-2838-47A4-9472-852F60E94509,false,31903,Single Carriageway,Restricted Local Access Road,7357C743-85FE-49BC-84B5-3CD6E67AB00E,1614.0,false,,,,,,,false,,F376F720-9713-4ED2-99A7-1DECE394941F,false,,,
prospect_layer,1,AC6 Roads — ac6_test__featureclasstofeatureclass_infrastructure_roadlink,1,31904,,,,,31904,,,,,Unknown,17F5E39E-A679-4908-95C5-574B0B541865,false,31904,Single Carriageway,Local Road,45A5AB64-2FF8-47D0-8C1D-B683E3D0E6FA,157.0,false,,,,,,,false,,70F7B508-5A43-4712-803E-255C8376D33E,false,,,
prospect_layer,1,AC6 Roads — ac6_test__featureclasstofeatureclass_infrastructure_roadlink,1,32783,,,,,32783,,,,,Classified Unnumbered,C4D8F358-DF7E-40C7-AFD1-EA657067E2D4,false,32783,Single Carriageway,Minor Road,ADD2323B-D018-4DCA-943F-83BB13CFDE8B,481.0,false,,,,,,,false,,75A2FF43-EEE8-45FA-A145-8CF37B79C46C,false,,,
prospect_layer,1,AC6 Roads — ac6_test__featureclasstofeatureclass_infrastructure_roadlink,1,32784,,,,,32784,,,,,B Road,C4D8F358-DF7E-40C7-AFD1-EA657067E2D4,false,32784,Single Carriageway,B Road,02663B63-C68D-4A72-A712-4EDE90EA7600,1154.0,false,,,,,,osgb4000000012519450,false,B4415,B0223317-CF6E-4D7A-9512-F54AF78E227A,false,,,
prospect_layer,1,AC6 Roads — ac6_test__featureclasstofeatureclass_infrastructure_roadlink,1,32778,,,,,32778,,,,,Classified Unnumbered,E24B60CB-0EC9-43BA-A4BA-110F5D0B0D42,false,32778,Single Carriageway,Minor Road,80284D3D-A585-4DDD-9320-61DA3569C0CD,1013.0,false,,,,,,,false,,7EEF7ECD-582D-4FA1-996D-D0FE3A25514F,false,,,
prospect_layer,1,AC6 Roads — ac6_test__featureclasstofeatureclass_infrastructure_roadlink,1,24189,,,,,24189,,,,,Unclassified,0BB18950-3B4E-4EB5-AA6E-2C1D3FBA4B9E,false,24189,Single Carriageway,Local Road,CD18D4DC-CA1E-4472-BBCB-60C8533AFAF2,538.0,false,,,,,,,false,,A744C0E6-BB34-4203-BE54-F454461C1603,false,,,
prospect_layer,1,AC6 Roads — ac6_test__featureclasstofeatureclass_infrastructure_roadlink,2,24124,,,,,24124,,,,,Unknown,A2002E7A-D5C9-4FD3-8A7A-DC57929DE1A2,false,24124,Single Carriageway,Restricted Local Access Road,356A7063-6AF6-411A-BD9E-673338BA0EC8,170.0,false,,,,,,,false,,313EF923-DF9C-47EC-B3BA-3B023BB86DDC,false,,,
prospect_layer,1,AC6 Roads — ac6_test__featureclasstofeatureclass_infrastructure_roadlink,1,24125,,,,,24125,,,,,Unknown,0E85F353-C7D9-4402-A5A7-BD8795B014F6,false,24125,Single Carriageway,Restricted Local Access Road,EE5F3A8B-F50B-4454-AA40-B57D25DC7C80,39.0,false,,,,,,,false,,2304548F-1195-4229-9FBD-96AACE7E356F,false,,,
prospect_layer,1,AC6 Build up areas — build_up_areas__dwellings,11,192,,,,,,,,,,,,,192,,,,,,,,,,,,,,,,W45000177,Criccieth,Cricieth
prospect_layer,1,AC6 Build up areas — build_up_areas__dwellings,1,196,,,,,,,,,,,,,196,,,,,,,,,,,,,,,,W45000181,Hafan y Mor,
prospect_layer,1,AC6 OHL — ohl,1,312,2023-02-24,PENRHOS - WYLFA 1,PENRHOS - WYLFA 2,10004857.0,,132,000000032021,C,EV ROUTE,,,,312,,,,,,,,,,,,,,,,,,
prospect_layer,1,AC6 OHL — ohl,1,303,2023-02-24,BODELWYDDAN - DEESIDE - PENTIR 1,BODELWYDDAN - DEESIDE - PENTIR 2,10004848.0,,400,000000069950,C,4ZB ROUTE TWR (001 - 167),,,,303,,,,,,,,,,,,,,,,,,
prospect_layer,1,AC6 OHL — ohl,1,607,2023-02-24,DEESIDE - LEGACY - TRAWSFYNYDD 1,DEESIDE - LEGACY - TRAWSFYNYDD 2,10005157.0,,400,000000069456,C,ZK ROUTE TWR (045 - 241),,,,607,,,,,,,,,,,,,,,,,,
prospect_layer,1,AC6 OHL — ohl,1,719,2023-02-24,PENTIR - WYLFA 1,PENTIR - WYLFA 2,10005269.0,,400,000000069930,C,4ZA ROUTE TWR (004 - 108),,,,719,,,,,,,,,,,,,,,,,,
